week_start,sku_id,actual,ml_forecast,naive_forecast
2025-11-10,SKU001,12,18.22423821763455,18.0
2025-11-10,SKU002,80,99.66502220335666,99.0
2025-11-10,SKU003,53,48.05891711147138,38.0
2025-11-10,SKU004,45,41.73657089139064,42.0
2025-11-10,SKU005,71,73.44709397705,70.0
2025-11-10,SKU006,71,86.77847834521266,81.0
2025-11-10,SKU007,46,39.27154619832048,30.0
2025-11-10,SKU008,101,98.09351177601008,84.0
2025-11-10,SKU009,67,71.81510643218152,59.0
2025-11-10,SKU010,24,25.798329482843993,21.0
2025-11-10,SKU011,23,20.055008072965816,26.0
2025-11-10,SKU012,98,83.78605644093054,76.0
2025-11-10,SKU013,32,31.15362884364171,25.0
2025-11-10,SKU014,61,60.07079620291071,51.0
2025-11-10,SKU015,95,77.09523983774847,76.0
2025-11-10,SKU016,81,81.96896256551442,99.0
2025-11-10,SKU017,59,58.38913285507496,60.0
2025-11-10,SKU018,14,15.810156525597005,11.0
2025-11-10,SKU019,88,83.62615344597043,85.0
2025-11-10,SKU020,30,29.11714072026617,27.0
2025-11-10,SKU021,17,13.56879666100739,17.0
2025-11-10,SKU022,172,186.72630335811036,159.0
2025-11-10,SKU023,147,117.29025919913418,96.0
2025-11-10,SKU024,16,21.365837890101385,13.0
2025-11-10,SKU025,63,65.53232912934412,52.0
2025-11-10,SKU026,75,75.70652463640492,77.0
2025-11-10,SKU027,51,42.680367567693544,39.0
2025-11-10,SKU028,18,20.446383070281136,20.0
2025-11-10,SKU029,55,64.2234764087802,66.0
2025-11-10,SKU030,30,20.013748300090374,12.0
2025-11-10,SKU031,138,161.78796692821098,150.0
2025-11-10,SKU032,41,30.31061402240799,36.0
2025-11-10,SKU033,108,108.76794427437446,59.0
2025-11-10,SKU034,134,131.2272215574113,140.0
2025-11-10,SKU035,88,104.70325683010064,114.0
2025-11-10,SKU036,23,33.961750594880485,24.0
2025-11-10,SKU038,45,33.860325005734104,29.0
2025-11-10,SKU039,30,29.776718421157902,25.0
2025-11-10,SKU040,54,54.20744478604047,48.0
2025-11-10,SKU041,71,85.25466399618558,89.0
2025-11-10,SKU042,41,39.83990752014153,33.0
2025-11-10,SKU043,45,44.640916594952785,52.0
2025-11-10,SKU044,18,14.50835415549578,9.0
2025-11-10,SKU045,36,36.10486711139032,36.0
2025-11-10,SKU046,15,13.753413936936859,14.0
2025-11-10,SKU047,73,76.3968429454164,60.0
2025-11-10,SKU048,160,152.449700365598,149.0
2025-11-10,SKU049,44,36.073647649131665,33.0
2025-11-10,SKU050,75,76.15504676076351,75.0
2025-11-10,SKU051,224,190.72112593984966,194.0
2025-11-10,SKU052,23,20.00594769437223,19.0
2025-11-10,SKU053,159,165.1096061512352,151.0
2025-11-10,SKU055,40,56.82374023076126,43.0
2025-11-10,SKU056,74,76.34257249721297,78.0
2025-11-10,SKU057,31,35.425494902903665,33.0
2025-11-10,SKU058,161,145.3243890341409,122.0
2025-11-10,SKU059,71,77.32554645263487,56.0
2025-11-10,SKU060,54,56.54128211770307,49.0
2025-11-10,SKU061,121,110.25046887524034,107.0
2025-11-10,SKU062,37,37.31778566715626,30.0
2025-11-10,SKU063,48,42.901366074240606,36.0
2025-11-10,SKU064,90,73.14258063235694,69.0
2025-11-10,SKU065,17,11.778545582279316,17.0
2025-11-10,SKU066,93,111.83487688189003,93.0
2025-11-10,SKU067,35,52.701889101166756,43.0
2025-11-10,SKU068,66,65.36401963112854,62.0
2025-11-10,SKU069,74,62.71486077680685,55.0
2025-11-10,SKU071,92,97.72847142195165,77.0
2025-11-10,SKU072,97,100.03321324147859,98.0
2025-11-10,SKU073,79,98.2170963241376,72.0
2025-11-10,SKU074,66,74.10046619589933,74.0
2025-11-10,SKU075,39,34.095637099357056,23.0
2025-11-10,SKU076,32,33.690646166588316,30.0
2025-11-10,SKU077,70,73.27622323568154,66.0
2025-11-10,SKU078,143,126.62703885199187,109.0
2025-11-10,SKU079,55,73.84359994967338,67.0
2025-11-10,SKU080,23,31.362850381969757,35.0
2025-11-10,SKU081,71,86.16079988540436,76.0
2025-11-10,SKU082,22,25.378648161914402,21.0
2025-11-10,SKU083,94,75.45974917631193,74.0
2025-11-10,SKU084,59,55.64235650946989,54.0
2025-11-10,SKU085,221,215.33111531158906,222.0
2025-11-10,SKU086,83,80.61667105886517,67.0
2025-11-10,SKU087,33,30.09824033539725,10.0
2025-11-10,SKU088,23,19.152340689892654,19.0
2025-11-10,SKU089,48,56.01537746849506,49.0
2025-11-10,SKU090,83,73.36527259844145,73.0
2025-11-10,SKU091,33,39.526831445046746,30.0
2025-11-10,SKU092,44,56.48651134409312,47.0
2025-11-10,SKU093,63,73.0858319155924,59.0
2025-11-10,SKU094,297,253.67507034632038,261.0
2025-11-10,SKU095,485,481.39476190476205,447.0
2025-11-10,SKU096,51,58.17718511905735,56.0
2025-11-10,SKU097,25,27.40192257555274,22.0
2025-11-10,SKU098,257,247.12468181818184,262.0
2025-11-10,SKU099,78,84.86332139489068,83.0
2025-11-10,SKU100,170,159.5664340299194,174.0
2025-11-10,SKU101,31,35.108507116278645,36.0
2025-11-10,SKU102,56,57.023704253674076,50.0
2025-11-10,SKU103,65,74.92294467042468,74.0
2025-11-10,SKU104,42,50.478943628983146,50.0
2025-11-10,SKU105,47,42.626142491860776,38.0
2025-11-10,SKU106,61,75.78459593796403,64.0
2025-11-10,SKU107,21,26.690006495599455,28.0
2025-11-10,SKU108,28,28.022647178592997,29.0
2025-11-10,SKU109,44,32.97271209690415,40.0
2025-11-10,SKU110,31,31.064897273112642,31.0
2025-11-10,SKU111,198,199.29938492063488,152.0
2025-11-10,SKU112,27,31.839811748015013,28.0
2025-11-10,SKU113,57,46.9040117267459,44.0
2025-11-10,SKU114,201,195.09437990810366,193.0
2025-11-10,SKU115,35,27.513235117739526,22.0
2025-11-10,SKU116,127,121.02386911894713,106.0
2025-11-10,SKU117,46,34.1790554579838,24.0
2025-11-10,SKU118,28,31.73292978210327,31.0
2025-11-10,SKU119,48,50.60257145541982,47.0
2025-11-10,SKU120,49,47.33523536761918,40.0
2025-11-10,SKU121,49,54.0445720048913,34.0
2025-11-10,SKU122,69,72.01479200728413,67.0
2025-11-10,SKU123,52,53.986300008493735,43.0
2025-11-10,SKU124,63,48.1413377499242,44.0
2025-11-10,SKU125,32,34.57789088414811,32.0
2025-11-10,SKU126,97,103.2867677858077,111.0
2025-11-10,SKU127,141,142.91594840954846,141.0
2025-11-10,SKU128,98,89.17493084483228,76.0
2025-11-10,SKU129,50,55.34993634394007,48.0
2025-11-10,SKU130,145,174.02098070946312,135.0
2025-11-10,SKU131,6,9.474247311823083,11.0
2025-11-10,SKU132,49,57.58681244797848,65.0
2025-11-10,SKU133,46,51.673552897572215,58.0
2025-11-10,SKU134,21,17.10460186433906,18.0
2025-11-10,SKU135,52,56.179055113778524,51.0
2025-11-10,SKU136,11,13.809503554102248,13.0
2025-11-10,SKU137,17,18.285204524715954,9.0
2025-11-10,SKU138,37,36.87544258103861,42.0
2025-11-10,SKU139,106,116.74008672297482,109.0
2025-11-10,SKU140,63,58.14151472671546,60.0
2025-11-10,SKU141,61,56.10665643209569,51.0
2025-11-10,SKU142,28,34.2857556372149,28.0
2025-11-10,SKU143,115,103.2573387410817,90.0
2025-11-10,SKU144,26,29.21785792761162,17.0
2025-11-10,SKU145,256,227.8675128205129,224.0
2025-11-10,SKU146,40,34.76660833281321,34.0
2025-11-10,SKU147,65,62.80212669376198,54.0
2025-11-10,SKU148,59,55.92570496707543,54.0
2025-11-10,SKU149,99,101.61133214406965,108.0
2025-11-10,SKU150,40,33.94566946041105,32.0
2025-11-17,SKU001,14,19.658689179152518,16.0
2025-11-17,SKU002,108,107.54657188644688,141.0
2025-11-17,SKU003,49,72.50025060833703,60.0
2025-11-17,SKU004,68,64.8475529214574,47.0
2025-11-17,SKU005,114,102.76541396103896,95.0
2025-11-17,SKU006,107,105.8699639249639,112.0
2025-11-17,SKU007,39,64.42720425315424,49.0
2025-11-17,SKU008,135,127.77688986013987,120.0
2025-11-17,SKU009,102,103.79095459850606,105.0
2025-11-17,SKU010,29,34.80110588131912,28.0
2025-11-17,SKU011,23,22.832612499158355,24.0
2025-11-17,SKU012,114,113.87662100399596,103.0
2025-11-17,SKU013,35,42.826038841366426,30.0
2025-11-17,SKU014,81,98.34738479331128,87.0
2025-11-17,SKU015,106,110.48409870358391,143.0
2025-11-17,SKU016,82,107.45124603174604,127.0
2025-11-17,SKU017,59,88.16429386529387,82.0
2025-11-17,SKU018,24,16.775762876301084,16.0
2025-11-17,SKU019,117,106.8968592347195,113.0
2025-11-17,SKU020,43,43.64725902176017,37.0
2025-11-17,SKU021,22,17.745270263942697,18.0
2025-11-17,SKU022,252,269.6996031746032,249.0
2025-11-17,SKU023,170,176.76698077412783,143.0
2025-11-17,SKU024,19,21.023255535249458,19.0
2025-11-17,SKU025,83,96.31809090909096,98.0
2025-11-17,SKU026,114,102.11525162337662,97.0
2025-11-17,SKU027,47,66.31109209713787,57.0
2025-11-17,SKU028,28,23.22433206122527,25.0
2025-11-17,SKU029,87,88.91093249440245,78.0
2025-11-17,SKU030,18,21.82188709677713,19.0
2025-11-17,SKU031,246,200.05079014939315,202.0
2025-11-17,SKU032,36,44.695470537139855,23.0
2025-11-17,SKU033,128,144.07051648351649,124.0
2025-11-17,SKU034,165,181.1627896825397,180.0
2025-11-17,SKU035,131,107.25697069597067,132.0
2025-11-17,SKU036,42,44.51625053045635,34.0
2025-11-17,SKU038,43,61.09477610445397,53.0
2025-11-17,SKU039,26,42.1374988299073,28.0
2025-11-17,SKU040,58,81.39402490238521,75.0
2025-11-17,SKU041,125,106.07037301587302,151.0
2025-11-17,SKU042,57,63.03560499257364,59.0
2025-11-17,SKU043,75,69.80784520736843,72.0
2025-11-17,SKU044,16,21.98347839360098,24.0
2025-11-17,SKU045,51,53.16365440429582,47.0
2025-11-17,SKU046,28,14.551340204672595,14.0
2025-11-17,SKU047,94,103.49708614669646,101.0
2025-11-17,SKU048,181,211.68186554621855,200.0
2025-11-17,SKU049,53,60.51251496096782,59.0
2025-11-17,SKU050,88,107.22524577873108,116.0
2025-11-17,SKU051,261,298.9313095238096,297.0
2025-11-17,SKU052,21,22.829919030717,23.0
2025-11-17,SKU053,187,213.74570728291317,218.0
2025-11-17,SKU054,56,67.55258051894927,41.0
2025-11-17,SKU055,63,78.85590487799384,64.0
2025-11-17,SKU056,106,104.66436274509805,129.0
2025-11-17,SKU057,38,49.88956143445907,39.0
2025-11-17,SKU058,202,197.97971428571432,174.0
2025-11-17,SKU059,73,101.75709390136892,77.0
2025-11-17,SKU060,77,83.85673348556814,76.0
2025-11-17,SKU061,137,154.92336315052336,142.0
2025-11-17,SKU062,44,49.7367542092634,36.0
2025-11-17,SKU063,59,68.53022295809357,52.0
2025-11-17,SKU064,104,105.54025827603772,95.0
2025-11-17,SKU065,21,12.481859064485269,15.0
2025-11-17,SKU066,153,146.1076567370538,155.0
2025-11-17,SKU067,55,80.27638158049234,71.0
2025-11-17,SKU068,69,97.39672647712649,75.0
2025-11-17,SKU069,80,93.64747207597209,67.0
2025-11-17,SKU070,231,218.92709523809523,162.0
2025-11-17,SKU071,93,108.27438736263734,118.0
2025-11-17,SKU072,108,119.42041178266176,93.0
2025-11-17,SKU073,110,104.59213654401154,92.0
2025-11-17,SKU074,90,105.05818654384828,128.0
2025-11-17,SKU075,36,50.92883251249418,43.0
2025-11-17,SKU076,43,50.5044723192457,48.0
2025-11-17,SKU077,117,101.73425060478738,101.0
2025-11-17,SKU078,202,194.01983333333337,195.0
2025-11-17,SKU079,111,99.43331093906097,83.0
2025-11-17,SKU080,25,39.81099587527429,35.0
2025-11-17,SKU081,108,104.57747980859007,117.0
2025-11-17,SKU082,33,35.64833834901482,35.0
2025-11-17,SKU083,116,107.28449342650812,111.0
2025-11-17,SKU084,82,84.69907731204611,57.0
2025-11-17,SKU085,311,309.9734682539683,311.0
2025-11-17,SKU086,118,108.36225828664797,115.0
2025-11-17,SKU087,32,44.86257961172241,41.0
2025-11-17,SKU088,28,25.518057906783742,29.0
2025-11-17,SKU089,73,87.4450966015801,61.0
2025-11-17,SKU090,90,104.86634610798585,80.0
2025-11-17,SKU091,58,53.659540956463545,55.0
2025-11-17,SKU092,64,76.73702322214966,69.0
2025-11-17,SKU093,104,100.15911063364737,91.0
2025-11-17,SKU094,328,337.04799891774894,327.0
2025-11-17,SKU095,606,625.7166428571429,623.0
2025-11-17,SKU096,61,83.7045776862027,93.0
2025-11-17,SKU097,18,38.79084120041841,27.0
2025-11-17,SKU098,300,321.0071457431457,302.0
2025-11-17,SKU099,113,107.01524873737371,104.0
2025-11-17,SKU100,183,219.40746825396826,209.0
2025-11-17,SKU101,46,54.87496526767519,51.0
2025-11-17,SKU102,68,81.67977018583898,64.0
2025-11-17,SKU103,104,105.62528793183941,98.0
2025-11-17,SKU104,50,71.41819862665447,63.0
2025-11-17,SKU105,47,63.2297179116284,41.0
2025-11-17,SKU106,80,100.40627448222597,71.0
2025-11-17,SKU107,45,35.00126445716769,25.0
2025-11-17,SKU108,22,39.54934931730154,29.0
2025-11-17,SKU109,43,50.17846010372857,37.0
2025-11-17,SKU110,37,41.374501753596036,42.0
2025-11-17,SKU111,257,282.5912857142858,211.0
2025-11-17,SKU112,44,43.16571589221412,28.0
2025-11-17,SKU113,68,67.91683704014442,66.0
2025-11-17,SKU114,245,277.21550793650806,261.0
2025-11-17,SKU115,31,41.76371934657423,30.0
2025-11-17,SKU116,159,176.77484920634916,200.0
2025-11-17,SKU117,43,60.869778597825686,52.0
2025-11-17,SKU118,33,42.096477208554774,33.0
2025-11-17,SKU119,69,76.11736936441059,80.0
2025-11-17,SKU120,59,79.91349350540092,64.0
2025-11-17,SKU121,81,83.5789232055317,62.0
2025-11-17,SKU122,78,101.94862763152763,81.0
2025-11-17,SKU123,69,82.43947874897755,63.0
2025-11-17,SKU124,57,71.39521955739185,65.0
2025-11-17,SKU125,38,53.48194300076127,43.0
2025-11-17,SKU126,145,140.79222960372962,156.0
2025-11-17,SKU127,185,191.77271918767514,206.0
2025-11-17,SKU128,130,127.14294108669107,138.0
2025-11-17,SKU129,67,83.15222016918896,72.0
2025-11-17,SKU130,208,212.21799253034547,209.0
2025-11-17,SKU131,9,8.22241351047651,7.0
2025-11-17,SKU132,83,84.24784095444946,62.0
2025-11-17,SKU133,47,71.88254977813023,57.0
2025-11-17,SKU134,22,24.908701896374133,24.0
2025-11-17,SKU135,63,79.07926207528172,64.0
2025-11-17,SKU136,19,18.064204677541873,26.0
2025-11-17,SKU137,19,20.334911486209943,15.0
2025-11-17,SKU138,42,52.05406124470317,44.0
2025-11-17,SKU139,153,159.54026791242813,138.0
2025-11-17,SKU140,68,88.15598656898659,84.0
2025-11-17,SKU141,81,82.94531774939365,68.0
2025-11-17,SKU142,56,53.401796061845616,41.0
2025-11-17,SKU143,124,149.99369505494508,141.0
2025-11-17,SKU144,29,40.135991529256245,27.0
2025-11-17,SKU145,303,333.0323005050505,303.0
2025-11-17,SKU146,39,54.140431111176156,54.0
2025-11-17,SKU147,93,95.44125382200386,79.0
2025-11-17,SKU148,56,80.52188961206492,53.0
2025-11-17,SKU149,139,145.09364743589742,160.0
2025-11-17,SKU150,36,56.07900544247107,39.0
2025-11-24,SKU001,14,23.664877356845633,23.0
2025-11-24,SKU002,155,130.31855555555555,136.0
2025-11-24,SKU003,80,69.88869493621488,53.0
2025-11-24,SKU004,76,70.31830579075351,53.0
2025-11-24,SKU005,123,110.1839286565746,97.0
2025-11-24,SKU006,120,112.93470269894242,127.0
2025-11-24,SKU007,56,62.64669197472511,45.0
2025-11-24,SKU008,148,139.34489056776553,124.0
2025-11-24,SKU009,109,107.33011415541688,129.0
2025-11-24,SKU010,28,38.308195033670046,33.0
2025-11-24,SKU011,25,20.65496741281598,16.0
2025-11-24,SKU012,116,116.50729150736483,105.0
2025-11-24,SKU013,50,41.72475038274901,30.0
2025-11-24,SKU014,105,99.31503208556153,93.0
2025-11-24,SKU015,156,110.69802506923489,107.0
2025-11-24,SKU016,133,106.53997023809521,125.0
2025-11-24,SKU017,101,88.87029166666666,94.0
2025-11-24,SKU018,25,25.003186222497643,21.0
2025-11-24,SKU019,129,126.44710739187711,122.0
2025-11-24,SKU020,45,43.90340224857986,41.0
2025-11-24,SKU021,25,22.523763037033632,21.0
2025-11-24,SKU022,286,271.7712500000001,237.0
2025-11-24,SKU023,160,189.5982341269841,150.0
2025-11-24,SKU024,23,21.48043271523037,19.0
2025-11-24,SKU025,89,98.37608026202275,84.0
2025-11-24,SKU026,106,104.8539231808121,94.0
2025-11-24,SKU027,49,67.56344879839658,55.0
2025-11-24,SKU028,24,25.707539813869772,21.0
2025-11-24,SKU029,80,97.68209209777152,74.0
2025-11-24,SKU030,24,24.07121425662303,23.0
2025-11-24,SKU031,241,241.95090873015886,241.0
2025-11-24,SKU032,44,44.30841685673182,35.0
2025-11-24,SKU033,144,148.27850000000007,126.0
2025-11-24,SKU034,243,201.64106349206352,190.0
2025-11-24,SKU035,160,145.70609386446887,118.0
2025-11-24,SKU036,53,46.34391073159291,37.0
2025-11-24,SKU037,64,64.60880451591484,53.0
2025-11-24,SKU038,56,63.4073468987878,40.0
2025-11-24,SKU039,39,43.242116158582284,36.0
2025-11-24,SKU040,83,76.12993605373389,82.0
2025-11-24,SKU041,159,126.3119702036685,128.0
2025-11-24,SKU042,58,67.72995019378769,56.0
2025-11-24,SKU043,62,76.63651476467435,64.0
2025-11-24,SKU044,25,17.70497522044168,17.0
2025-11-24,SKU045,56,50.29341641744031,33.0
2025-11-24,SKU046,15,17.071909522690557,12.0
2025-11-24,SKU047,90,107.47088511729812,98.0
2025-11-24,SKU048,205,211.8142579365079,200.0
2025-11-24,SKU049,64,65.06913223799542,57.0
2025-11-24,SKU050,117,109.8389110635741,104.0
2025-11-24,SKU051,303,294.35732539682544,287.0
2025-11-24,SKU052,19,21.607097026438236,16.0
2025-11-24,SKU053,249,215.00280555555554,214.0
2025-11-24,SKU054,60,66.6133554015429,53.0
2025-11-24,SKU055,74,75.6798488450705,71.0
2025-11-24,SKU056,137,111.77150296330652,122.0
2025-11-24,SKU057,34,47.10164584584323,34.0
2025-11-24,SKU058,217,209.50799603174607,213.0
2025-11-24,SKU059,78,105.11445024093581,79.0
2025-11-24,SKU060,94,91.16158697496195,71.0
2025-11-24,SKU061,160,153.75655271096286,133.0
2025-11-24,SKU062,60,59.15704971775108,52.0
2025-11-24,SKU063,53,62.88896914238009,44.0
2025-11-24,SKU064,125,109.24592716224741,105.0
2025-11-24,SKU065,23,13.385105600483401,16.0
2025-11-24,SKU066,153,168.00713445378153,179.0
2025-11-24,SKU067,74,76.5669422395415,79.0
2025-11-24,SKU068,81,94.9157699284464,68.0
2025-11-24,SKU069,92,102.99421051412357,85.0
2025-11-24,SKU070,230,252.04492460317465,201.0
2025-11-24,SKU071,115,104.58207762997233,86.0
2025-11-24,SKU072,133,130.55372857624832,132.0
2025-11-24,SKU073,143,127.0328325833523,113.0
2025-11-24,SKU074,136,105.87322467870854,101.0
2025-11-24,SKU075,54,46.728519001298984,54.0
2025-11-24,SKU076,47,48.43303455708308,37.0
2025-11-24,SKU077,134,110.05459208986622,125.0
2025-11-24,SKU078,245,200.50480555555558,208.0
2025-11-24,SKU079,103,100.53392631830192,98.0
2025-11-24,SKU080,34,40.11271016346621,34.0
2025-11-24,SKU081,146,112.37994997340708,96.0
2025-11-24,SKU082,39,35.77948151031975,34.0
2025-11-24,SKU083,124,112.67383411480749,101.0
2025-11-24,SKU084,78,83.08500508463008,66.0
2025-11-24,SKU085,338,319.1245714285714,338.0
2025-11-24,SKU086,120,116.01798901818731,92.0
2025-11-24,SKU087,45,45.92835557053665,42.0
2025-11-24,SKU088,43,33.04713369604926,23.0
2025-11-24,SKU089,72,77.02967632204397,51.0
2025-11-24,SKU090,113,104.24312446033498,85.0
2025-11-24,SKU091,70,61.15693273850421,58.0
2025-11-24,SKU092,71,74.17416792493572,53.0
2025-11-24,SKU093,116,107.2172429723587,104.0
2025-11-24,SKU094,338,334.7772132034632,340.0
2025-11-24,SKU095,664,638.4973333333335,614.0
2025-11-24,SKU096,73,84.05532881837661,87.0
2025-11-24,SKU097,42,37.81191200575024,36.0
2025-11-24,SKU098,343,335.395737012987,334.0
2025-11-24,SKU099,138,112.9460401239443,121.0
2025-11-24,SKU100,238,207.59194841269834,182.0
2025-11-24,SKU101,62,55.82503465014748,50.0
2025-11-24,SKU102,99,80.56451026936028,82.0
2025-11-24,SKU103,106,110.03024825139337,99.0
2025-11-24,SKU104,59,69.63909079070379,73.0
2025-11-24,SKU105,68,66.98490793275639,53.0
2025-11-24,SKU106,104,102.75502870087432,90.0
2025-11-24,SKU107,36,35.785782649686055,35.0
2025-11-24,SKU108,42,35.91076965975863,21.0
2025-11-24,SKU109,59,47.58185911364623,40.0
2025-11-24,SKU110,40,42.404671341114444,42.0
2025-11-24,SKU111,284,305.60353968253975,237.0
2025-11-24,SKU112,38,42.813878572926406,27.0
2025-11-24,SKU113,59,67.19676373436812,45.0
2025-11-24,SKU114,331,280.01340873015886,266.0
2025-11-24,SKU115,35,39.38357327049975,26.0
2025-11-24,SKU116,219,172.82300000000004,179.0
2025-11-24,SKU117,49,57.13283947909329,66.0
2025-11-24,SKU118,54,44.6728650349987,40.0
2025-11-24,SKU119,70,70.7130748715136,65.0
2025-11-24,SKU120,71,72.25691020733791,62.0
2025-11-24,SKU121,91,89.30139595764595,76.0
2025-11-24,SKU122,67,102.17404961930825,71.0
2025-11-24,SKU123,75,88.78740720270065,77.0
2025-11-24,SKU124,75,70.8774556488577,65.0
2025-11-24,SKU125,46,51.473723102577395,38.0
2025-11-24,SKU126,168,154.88459982174686,135.0
2025-11-24,SKU127,190,190.0926587301587,184.0
2025-11-24,SKU128,142,131.0146741108724,149.0
2025-11-24,SKU129,98,75.59411614530838,74.0
2025-11-24,SKU130,263,216.0319126984127,219.0
2025-11-24,SKU131,9,8.546448465717347,8.0
2025-11-24,SKU132,72,88.61763688338687,69.0
2025-11-24,SKU133,60,69.88575103479981,73.0
2025-11-24,SKU134,28,21.483404068092856,17.0
2025-11-24,SKU135,73,77.40529907569433,63.0
2025-11-24,SKU136,25,16.752857553392616,20.0
2025-11-24,SKU137,27,23.447920097797475,24.0
2025-11-24,SKU138,57,50.20036452604759,50.0
2025-11-24,SKU139,157,175.74190734755436,147.0
2025-11-24,SKU140,79,91.32953030058175,85.0
2025-11-24,SKU141,80,87.32245800980067,60.0
2025-11-24,SKU142,58,61.83963325787497,46.0
2025-11-24,SKU143,157,143.08014285714285,157.0
2025-11-24,SKU144,36,38.17610360086016,24.0
2025-11-24,SKU145,373,322.4835595238095,353.0
2025-11-24,SKU146,38,50.5704584647587,54.0
2025-11-24,SKU147,113,103.65318075221882,100.0
2025-11-24,SKU148,68,85.77406028789378,65.0
2025-11-24,SKU149,163,149.2789702933805,142.0
2025-11-24,SKU150,48,49.29976989660087,37.0
2025-12-01,SKU001,12,15.864886107983379,16.0
2025-12-01,SKU002,95,109.6850995830141,94.0
2025-12-01,SKU003,36,53.93457053288937,35.0
2025-12-01,SKU004,29,47.878972495389,29.0
2025-12-01,SKU005,61,81.83769921225205,62.0
2025-12-01,SKU006,77,90.37239670742966,54.0
2025-12-01,SKU007,36,40.64911617627515,29.0
2025-12-01,SKU008,98,105.805339546482,78.0
2025-12-01,SKU009,57,80.53814061722413,74.0
2025-12-01,SKU010,11,26.941140332146173,21.0
2025-12-01,SKU011,22,20.907852126431923,25.0
2025-12-01,SKU012,73,90.04601014914476,82.0
2025-12-01,SKU013,27,35.528234786631025,22.0
2025-12-01,SKU014,48,71.26224843472042,59.0
2025-12-01,SKU015,55,97.02143148477245,82.0
2025-12-01,SKU016,86,97.06686166068229,108.0
2025-12-01,SKU017,54,67.41681435409969,45.0
2025-12-01,SKU018,17,18.283987386700748,13.0
2025-12-01,SKU019,62,96.95565726698845,81.0
2025-12-01,SKU020,33,31.45042789114716,29.0
2025-12-01,SKU021,18,19.18078860447635,15.0
2025-12-01,SKU022,195,208.45860858585863,191.0
2025-12-01,SKU023,115,125.86141190001219,97.0
2025-12-01,SKU024,10,24.115416048038632,15.0
2025-12-01,SKU025,52,67.35600422328886,42.0
2025-12-01,SKU026,75,79.81570832355548,67.0
2025-12-01,SKU027,26,45.68286284640389,30.0
2025-12-01,SKU028,16,26.17269362357359,11.0
2025-12-01,SKU029,57,65.71631048759407,45.0
2025-12-01,SKU030,12,22.478884907038868,17.0
2025-12-01,SKU031,192,187.15309446109447,177.0
2025-12-01,SKU032,30,33.76432132236305,21.0
2025-12-01,SKU033,134,114.62853773743569,111.0
2025-12-01,SKU034,121,154.55146066281665,107.0
2025-12-01,SKU035,73,116.94927917162873,82.0
2025-12-01,SKU036,27,35.54128717397763,22.0
2025-12-01,SKU037,54,42.36817004469202,54.0
2025-12-01,SKU038,18,44.43734220578749,33.0
2025-12-01,SKU039,23,29.49406660427837,19.0
2025-12-01,SKU040,51,56.04511131930427,61.0
2025-12-01,SKU041,70,99.52008950975396,78.0
2025-12-01,SKU042,36,42.49762614379512,38.0
2025-12-01,SKU043,46,52.181831988265664,30.0
2025-12-01,SKU044,18,17.566996840722265,15.0
2025-12-01,SKU045,33,43.36185288935511,30.0
2025-12-01,SKU046,9,15.236621378531574,15.0
2025-12-01,SKU047,58,82.89797177366867,74.0
2025-12-01,SKU048,135,158.28116102189387,109.0
2025-12-01,SKU049,31,43.96298861459928,30.0
2025-12-01,SKU050,57,80.02755251671253,72.0
2025-12-01,SKU051,178,210.91325541125542,187.0
2025-12-01,SKU052,16,18.863919483158224,16.0
2025-12-01,SKU053,119,185.82459914268733,117.0
2025-12-01,SKU054,37,51.72996504050479,55.0
2025-12-01,SKU055,57,55.172156130365245,34.0
2025-12-01,SKU056,85,82.51611306579997,95.0
2025-12-01,SKU057,33,33.63226446327107,27.0
2025-12-01,SKU058,137,173.729126781715,114.0
2025-12-01,SKU059,68,66.28822452765024,58.0
2025-12-01,SKU060,47,64.15239361724277,47.0
2025-12-01,SKU061,95,120.11459423011718,98.0
2025-12-01,SKU062,38,41.49101831195093,27.0
2025-12-01,SKU063,42,46.896619704606344,50.0
2025-12-01,SKU064,96,88.06200372558031,64.0
2025-12-01,SKU065,11,13.785466630010326,14.0
2025-12-01,SKU066,102,131.54980220916704,77.0
2025-12-01,SKU067,47,53.92274481814082,47.0
2025-12-01,SKU068,45,72.86372701885247,56.0
2025-12-01,SKU069,56,67.12990337729258,45.0
2025-12-01,SKU070,213,194.80880555555552,189.0
2025-12-01,SKU071,83,97.04074068636015,75.0
2025-12-01,SKU072,79,104.17787347907539,77.0
2025-12-01,SKU073,84,103.66981265911926,89.0
2025-12-01,SKU074,71,85.33037014822236,84.0
2025-12-01,SKU075,33,37.02485788040879,35.0
2025-12-01,SKU076,28,35.85195098197901,42.0
2025-12-01,SKU077,63,84.8783099244968,62.0
2025-12-01,SKU078,133,166.90383621933623,104.0
2025-12-01,SKU079,53,77.1222911410502,56.0
2025-12-01,SKU080,42,28.98184753343287,34.0
2025-12-01,SKU081,74,100.60604311293042,67.0
2025-12-01,SKU082,18,28.980718437063214,17.0
2025-12-01,SKU083,64,80.42277514904714,80.0
2025-12-01,SKU084,56,63.622068784576285,34.0
2025-12-01,SKU085,186,226.24425,197.0
2025-12-01,SKU086,66,95.16191010402854,57.0
2025-12-01,SKU087,27,32.02057668746937,26.0
2025-12-01,SKU088,16,27.01365274001179,22.0
2025-12-01,SKU089,49,55.46246410500126,39.0
2025-12-01,SKU090,55,78.35085114765612,59.0
2025-12-01,SKU091,35,45.65972110023143,35.0
2025-12-01,SKU092,53,54.476890051986814,33.0
2025-12-01,SKU093,56,82.01724533912201,57.0
2025-12-01,SKU094,242,254.3183257575758,228.0
2025-12-01,SKU095,443,489.3546904761907,422.0
2025-12-01,SKU096,42,61.153489757070446,37.0
2025-12-01,SKU097,17,28.514134546454653,24.0
2025-12-01,SKU098,210,254.9746829004329,217.0
2025-12-01,SKU099,81,93.90170290856577,64.0
2025-12-01,SKU100,140,180.9138351150483,133.0
2025-12-01,SKU101,42,42.58899375525507,20.0
2025-12-01,SKU102,53,65.8224753357401,69.0
2025-12-01,SKU103,71,81.442651040964,59.0
2025-12-01,SKU104,46,48.22293196608635,41.0
2025-12-01,SKU105,34,40.714671625602364,33.0
2025-12-01,SKU106,43,74.22399288047919,58.0
2025-12-01,SKU107,23,29.588130871779637,18.0
2025-12-01,SKU108,24,29.38008760794718,23.0
2025-12-01,SKU109,27,37.319891723159856,23.0
2025-12-01,SKU110,23,32.173025214792354,27.0
2025-12-01,SKU111,184,207.62725932400932,168.0
2025-12-01,SKU112,21,32.98654354859222,21.0
2025-12-01,SKU113,46,45.859153038443395,32.0
2025-12-01,SKU114,177,201.5742690642691,154.0
2025-12-01,SKU115,25,31.908133887491275,38.0
2025-12-01,SKU116,133,138.5026816405807,89.0
2025-12-01,SKU117,25,39.54251388719313,30.0
2025-12-01,SKU118,19,32.483469905948766,31.0
2025-12-01,SKU119,56,51.85848155557252,45.0
2025-12-01,SKU120,42,53.238337576216324,40.0
2025-12-01,SKU121,46,67.73692838045672,52.0
2025-12-01,SKU122,50,72.25392681956217,69.0
2025-12-01,SKU123,45,55.49719699136729,47.0
2025-12-01,SKU124,45,50.53458029336864,41.0
2025-12-01,SKU125,38,37.21410126959844,38.0
2025-12-01,SKU126,86,136.37209516724218,88.0
2025-12-01,SKU127,107,150.91572000612177,116.0
2025-12-01,SKU128,94,99.62678411326871,92.0
2025-12-01,SKU129,47,64.22986906548904,36.0
2025-12-01,SKU130,138,187.58819071777893,108.0
2025-12-01,SKU131,8,8.3994464100245,8.0
2025-12-01,SKU132,54,64.37533808077951,38.0
2025-12-01,SKU133,42,51.555799087116526,45.0
2025-12-01,SKU134,13,20.06175048375052,12.0
2025-12-01,SKU135,48,54.73639967341509,40.0
2025-12-01,SKU136,18,15.257650022534252,15.0
2025-12-01,SKU137,14,20.722802705277942,7.0
2025-12-01,SKU138,46,40.484492273971014,43.0
2025-12-01,SKU139,107,127.21305316037255,110.0
2025-12-01,SKU140,58,63.46305412286942,56.0
2025-12-01,SKU141,63,60.327133501291755,45.0
2025-12-01,SKU142,26,39.89053345774858,30.0
2025-12-01,SKU143,92,116.21597749309511,79.0
2025-12-01,SKU144,22,29.902695594693864,20.0
2025-12-01,SKU145,188,262.13438583638583,214.0
2025-12-01,SKU146,37,35.71989070167101,30.0
2025-12-01,SKU147,57,74.78745544273018,46.0
2025-12-01,SKU148,51,53.975660424082925,46.0
2025-12-01,SKU149,93,132.8322319902065,86.0
2025-12-01,SKU150,39,37.16262609022206,39.0
2025-12-08,SKU001,17,14.741751759396296,18.0
2025-12-08,SKU002,89,100.59698619619034,89.0
2025-12-08,SKU003,42,47.87065629041104,40.0
2025-12-08,SKU004,57,38.797559434118455,30.0
2025-12-08,SKU005,57,81.2915366653825,56.0
2025-12-08,SKU006,69,85.76342669803657,68.0
2025-12-08,SKU007,32,38.15774310921754,38.0
2025-12-08,SKU008,100,106.4250137501413,95.0
2025-12-08,SKU009,69,77.28923763130202,64.0
2025-12-08,SKU010,25,25.802865836612305,17.0
2025-12-08,SKU011,24,22.425658235871737,27.0
2025-12-08,SKU012,65,87.54718327195424,74.0
2025-12-08,SKU013,19,32.38342845956502,26.0
2025-12-08,SKU014,49,65.1410538413439,62.0
2025-12-08,SKU015,77,86.52796113867545,71.0
2025-12-08,SKU016,95,85.65437127867852,91.0
2025-12-08,SKU017,39,62.8789983710375,39.0
2025-12-08,SKU018,12,19.03649847823594,21.0
2025-12-08,SKU019,66,85.12724599632989,53.0
2025-12-08,SKU020,27,29.763403893423924,21.0
2025-12-08,SKU021,15,17.79273011252405,15.0
2025-12-08,SKU022,206,195.86386331358702,189.0
2025-12-08,SKU023,107,122.74824685609225,88.0
2025-12-08,SKU024,13,20.700035790415374,10.0
2025-12-08,SKU025,48,64.20744128309477,52.0
2025-12-08,SKU026,61,77.6299736700566,75.0
2025-12-08,SKU027,37,40.68283106247247,42.0
2025-12-08,SKU028,21,19.311240587522867,16.0
2025-12-08,SKU029,56,63.10036396851648,44.0
2025-12-08,SKU030,10,20.76129873244141,26.0
2025-12-08,SKU031,173,185.800159748748,169.0
2025-12-08,SKU032,32,33.01030043660751,25.0
2025-12-08,SKU033,132,115.58154280934117,102.0
2025-12-08,SKU034,110,123.10427675281707,101.0
2025-12-08,SKU035,91,93.5243469842303,79.0
2025-12-08,SKU036,25,31.212754278991426,24.0
2025-12-08,SKU037,57,48.641915982232725,50.0
2025-12-08,SKU038,38,36.20700899580553,19.0
2025-12-08,SKU039,15,30.70038403024202,26.0
2025-12-08,SKU040,56,56.2221323088412,51.0
2025-12-08,SKU041,99,84.19027370939993,68.0
2025-12-08,SKU042,40,41.712476000241494,33.0
2025-12-08,SKU043,50,50.29436251722171,44.0
2025-12-08,SKU044,14,17.807145073015487,22.0
2025-12-08,SKU045,41,39.26432276394433,23.0
2025-12-08,SKU046,21,15.039474459258548,7.0
2025-12-08,SKU047,57,74.37372819287313,62.0
2025-12-08,SKU048,134,141.97691138792868,147.0
2025-12-08,SKU049,33,44.76163358704463,37.0
2025-12-08,SKU050,64,77.88411688975376,50.0
2025-12-08,SKU051,157,198.9188167767904,186.0
2025-12-08,SKU052,16,19.917586624973502,16.0
2025-12-08,SKU053,130,137.99613859654562,109.0
2025-12-08,SKU054,51,43.87891235358545,44.0
2025-12-08,SKU055,47,54.547529150094405,35.0
2025-12-08,SKU056,70,86.53748280121397,85.0
2025-12-08,SKU057,26,32.253410217967996,22.0
2025-12-08,SKU058,131,143.90720174643081,122.0
2025-12-08,SKU059,59,70.40438269811106,65.0
2025-12-08,SKU060,52,63.238435624390576,61.0
2025-12-08,SKU061,122,113.64460407136721,82.0
2025-12-08,SKU062,25,41.16333845411441,45.0
2025-12-08,SKU063,48,39.61220480262696,36.0
2025-12-08,SKU064,88,90.38422360248447,60.0
2025-12-08,SKU065,5,13.308772882080241,11.0
2025-12-08,SKU066,94,115.17623421023418,97.0
2025-12-08,SKU067,52,50.115833441622996,44.0
2025-12-08,SKU068,55,70.55856434664277,40.0
2025-12-08,SKU069,44,65.92235862540713,50.0
2025-12-08,SKU070,211,190.42310934533307,185.0
2025-12-08,SKU071,92,89.71260837264215,70.0
2025-12-08,SKU072,78,87.34688634028856,69.0
2025-12-08,SKU073,80,91.98007502350183,106.0
2025-12-08,SKU074,55,74.59663499551233,60.0
2025-12-08,SKU075,36,34.704523083606,24.0
2025-12-08,SKU076,32,34.24352085205051,32.0
2025-12-08,SKU077,59,84.09548459741622,75.0
2025-12-08,SKU078,110,137.29220701714576,121.0
2025-12-08,SKU079,66,71.78648395459543,54.0
2025-12-08,SKU080,36,31.011274995786863,30.0
2025-12-08,SKU081,62,85.00905073583452,65.0
2025-12-08,SKU082,18,26.975310796962482,18.0
2025-12-08,SKU083,55,84.35725575967477,50.0
2025-12-08,SKU084,47,63.480622708827866,34.0
2025-12-08,SKU085,209,220.86928161750527,212.0
2025-12-08,SKU086,71,83.94462953201224,74.0
2025-12-08,SKU087,27,32.06564980856749,25.0
2025-12-08,SKU088,18,26.12661787122386,14.0
2025-12-08,SKU089,40,54.3073484458454,35.0
2025-12-08,SKU090,58,74.91851073829885,55.0
2025-12-08,SKU091,34,41.42256750727213,31.0
2025-12-08,SKU092,42,54.485293018840295,52.0
2025-12-08,SKU093,57,74.19870118062995,49.0
2025-12-08,SKU094,208,248.1106233766234,212.0
2025-12-08,SKU095,439,507.27576190476196,423.0
2025-12-08,SKU096,51,54.58233117097561,41.0
2025-12-08,SKU097,27,28.04927258433778,19.0
2025-12-08,SKU098,213,238.69833264980628,223.0
2025-12-08,SKU099,57,86.23547492800871,56.0
2025-12-08,SKU100,143,157.6922702323869,129.0
2025-12-08,SKU101,29,41.13311678717304,35.0
2025-12-08,SKU102,70,66.36326104488721,78.0
2025-12-08,SKU103,75,83.53568165398768,55.0
2025-12-08,SKU104,32,44.74484176498563,47.0
2025-12-08,SKU105,29,40.478648729996934,26.0
2025-12-08,SKU106,65,65.23529148864975,50.0
2025-12-08,SKU107,18,28.264198427422958,20.0
2025-12-08,SKU108,29,28.788526922095294,21.0
2025-12-08,SKU109,24,33.8177981107683,32.0
2025-12-08,SKU110,30,31.255354840667977,29.0
2025-12-08,SKU111,211,197.51778248062683,183.0
2025-12-08,SKU112,27,29.520480952960046,18.0
2025-12-08,SKU113,43,45.56611585522399,44.0
2025-12-08,SKU114,168,193.30805629015063,167.0
2025-12-08,SKU115,36,31.79666690352849,40.0
2025-12-08,SKU116,113,125.51006059399266,94.0
2025-12-08,SKU117,29,36.57967887329165,33.0
2025-12-08,SKU118,19,33.54572999174773,28.0
2025-12-08,SKU119,40,51.28354297233775,46.0
2025-12-08,SKU120,39,51.56664233893165,30.0
2025-12-08,SKU121,61,63.271002255735,45.0
2025-12-08,SKU122,55,69.74173590334975,56.0
2025-12-08,SKU123,49,53.668516803304776,36.0
2025-12-08,SKU124,48,49.289307881475814,40.0
2025-12-08,SKU125,23,35.877610379382084,27.0
2025-12-08,SKU126,72,112.84261650386651,83.0
2025-12-08,SKU127,121,129.0920907554977,128.0
2025-12-08,SKU128,123,97.15099934454378,105.0
2025-12-08,SKU129,53,59.29740572479531,41.0
2025-12-08,SKU130,136,150.9913957276727,108.0
2025-12-08,SKU131,4,8.014356857763898,6.0
2025-12-08,SKU132,45,59.224558797372566,50.0
2025-12-08,SKU133,42,47.372053838447535,49.0
2025-12-08,SKU134,16,18.68435097092402,12.0
2025-12-08,SKU135,46,54.291559885670765,46.0
2025-12-08,SKU136,14,14.974105347908164,14.0
2025-12-08,SKU137,18,20.49203628099297,17.0
2025-12-08,SKU138,52,43.82164622522848,55.0
2025-12-08,SKU139,112,117.35919642345957,97.0
2025-12-08,SKU140,50,66.80576699373174,61.0
2025-12-08,SKU141,61,61.30490751361355,62.0
2025-12-08,SKU142,33,38.38755118310691,27.0
2025-12-08,SKU143,81,100.99009629259632,69.0
2025-12-08,SKU144,16,30.632354853748406,25.0
2025-12-08,SKU145,211,232.38355975603338,235.0
2025-12-08,SKU146,33,34.94591358721695,23.0
2025-12-08,SKU147,51,70.58650469052412,51.0
2025-12-08,SKU148,33,56.784186391001356,46.0
2025-12-08,SKU149,87,108.85160361860362,72.0
2025-12-08,SKU150,46,35.48767396388859,36.0
2025-12-15,SKU001,10,16.199050856430034,15.0
2025-12-15,SKU002,80,108.38247466422465,116.0
2025-12-15,SKU003,31,60.66191671492639,37.0
2025-12-15,SKU004,40,68.2803294071941,28.0
2025-12-15,SKU005,66,102.07752874576404,80.0
2025-12-15,SKU006,84,101.84512418137415,87.0
2025-12-15,SKU007,40,53.42955361573293,23.0
2025-12-15,SKU008,100,136.20527045177047,99.0
2025-12-15,SKU009,78,102.74197912087914,79.0
2025-12-15,SKU010,18,30.65226332001334,15.0
2025-12-15,SKU011,30,26.726155780374576,30.0
2025-12-15,SKU012,75,103.6903994167597,92.0
2025-12-15,SKU013,35,44.643463804102055,31.0
2025-12-15,SKU014,50,88.58312508276038,58.0
2025-12-15,SKU015,92,100.13478698752226,63.0
2025-12-15,SKU016,114,115.58705400070232,128.0
2025-12-15,SKU017,59,75.97806907475908,50.0
2025-12-15,SKU018,20,20.730267352802457,19.0
2025-12-15,SKU019,104,107.68300946275947,102.0
2025-12-15,SKU020,28,45.941019456507185,24.0
2025-12-15,SKU021,18,20.53512103730883,15.0
2025-12-15,SKU022,227,290.2661190476191,236.0
2025-12-15,SKU023,106,162.69243650793646,114.0
2025-12-15,SKU024,21,20.674785308435606,13.0
2025-12-15,SKU025,57,84.02073919413921,62.0
2025-12-15,SKU026,92,102.8920779881883,93.0
2025-12-15,SKU027,52,61.453916531555144,41.0
2025-12-15,SKU028,27,22.706832198808957,12.0
2025-12-15,SKU029,51,94.15813933877467,73.0
2025-12-15,SKU030,16,24.696223020665908,24.0
2025-12-15,SKU031,238,253.45306349206356,216.0
2025-12-15,SKU032,28,44.11500146229151,22.0
2025-12-15,SKU033,149,157.49097924297925,123.0
2025-12-15,SKU034,122,163.42989285714285,145.0
2025-12-15,SKU035,91,109.42688339438335,98.0
2025-12-15,SKU036,34,47.22216414515188,33.0
2025-12-15,SKU037,52,75.4173976633625,49.0
2025-12-15,SKU038,46,50.13766502825667,38.0
2025-12-15,SKU039,24,37.22910233766029,24.0
2025-12-15,SKU040,66,83.11629381657701,78.0
2025-12-15,SKU041,82,128.4148557692308,91.0
2025-12-15,SKU042,47,57.96315054520641,35.0
2025-12-15,SKU043,39,72.55627946367356,46.0
2025-12-15,SKU044,18,21.383073384848352,18.0
2025-12-15,SKU045,53,53.67248055545986,34.0
2025-12-15,SKU046,13,19.631648732770383,11.0
2025-12-15,SKU047,88,101.88902984466515,62.0
2025-12-15,SKU048,146,178.7274696969698,141.0
2025-12-15,SKU049,49,54.65692592962592,30.0
2025-12-15,SKU050,75,104.20536177857234,94.0
2025-12-15,SKU051,217,264.82329411764704,206.0
2025-12-15,SKU052,19,23.395918470148754,20.0
2025-12-15,SKU053,146,174.59875000000002,180.0
2025-12-15,SKU054,50,66.66389901853263,58.0
2025-12-15,SKU055,63,84.24589976182563,66.0
2025-12-15,SKU056,103,103.5111182396035,141.0
2025-12-15,SKU057,36,43.19678376624487,28.0
2025-12-15,SKU058,167,172.32564033189038,129.0
2025-12-15,SKU059,72,100.50577548513604,67.0
2025-12-15,SKU060,58,76.75936202070204,45.0
2025-12-15,SKU061,108,152.57649206349205,97.0
2025-12-15,SKU062,30,51.43163021320953,29.0
2025-12-15,SKU063,45,62.962263864106674,43.0
2025-12-15,SKU064,114,107.48203093801621,125.0
2025-12-15,SKU065,19,13.77534959575916,15.0
2025-12-15,SKU066,96,134.40798260073257,107.0
2025-12-15,SKU067,45,72.83715624962551,67.0
2025-12-15,SKU068,65,84.54171428571428,64.0
2025-12-15,SKU069,73,89.72548961038964,57.0
2025-12-15,SKU070,272,289.67044047619066,260.0
2025-12-15,SKU071,86,103.31330204517702,72.0
2025-12-15,SKU072,104,103.43895247807747,84.0
2025-12-15,SKU073,121,109.19312103174605,135.0
2025-12-15,SKU074,76,103.93945244852326,75.0
2025-12-15,SKU075,39,51.5983899825151,42.0
2025-12-15,SKU076,31,48.00203759934024,24.0
2025-12-15,SKU077,75,101.56683826957357,82.0
2025-12-15,SKU078,154,167.30660064935066,161.0
2025-12-15,SKU079,72,101.5432184893538,72.0
2025-12-15,SKU080,29,40.482602716727705,47.0
2025-12-15,SKU081,80,102.4619409308012,89.0
2025-12-15,SKU082,17,34.0213254893255,29.0
2025-12-15,SKU083,96,101.95402874576402,81.0
2025-12-15,SKU084,50,82.54989542775392,62.0
2025-12-15,SKU085,241,302.7509325396826,222.0
2025-12-15,SKU086,84,104.98896113282144,82.0
2025-12-15,SKU087,28,43.0625588626168,25.0
2025-12-15,SKU088,12,29.962365133208422,18.0
2025-12-15,SKU089,43,73.43216126877078,47.0
2025-12-15,SKU090,84,99.4443306841765,65.0
2025-12-15,SKU091,43,62.50162951905664,42.0
2025-12-15,SKU092,55,75.5114253930523,57.0
2025-12-15,SKU093,69,101.05978864468865,71.0
2025-12-15,SKU094,274,307.92574206349207,243.0
2025-12-15,SKU095,507,528.1579999999999,474.0
2025-12-15,SKU096,59,71.90532557683542,50.0
2025-12-15,SKU097,17,32.7621209280024,23.0
2025-12-15,SKU098,235,311.9656468253969,279.0
2025-12-15,SKU099,70,101.10911192647218,77.0
2025-12-15,SKU100,142,188.5066244588745,149.0
2025-12-15,SKU101,42,52.7317037998081,35.0
2025-12-15,SKU102,83,87.60958434148435,72.0
2025-12-15,SKU103,89,106.05671184371185,87.0
2025-12-15,SKU104,60,65.40458698119924,50.0
2025-12-15,SKU105,47,55.31405503098433,34.0
2025-12-15,SKU106,67,95.03019229805282,66.0
2025-12-15,SKU107,24,34.639516326266325,30.0
2025-12-15,SKU108,24,37.96730351297239,20.0
2025-12-15,SKU109,33,50.039263039835404,37.0
2025-12-15,SKU110,27,40.00028834419758,32.0
2025-12-15,SKU111,231,275.14440476190487,192.0
2025-12-15,SKU112,21,44.27561016677075,22.0
2025-12-15,SKU113,44,67.69084845378525,44.0
2025-12-15,SKU114,169,276.58264285714284,200.0
2025-12-15,SKU115,48,43.599929682336125,41.0
2025-12-15,SKU116,131,164.4423253968254,149.0
2025-12-15,SKU117,38,49.24734200326963,33.0
2025-12-15,SKU118,28,45.06529527914514,34.0
2025-12-15,SKU119,29,70.77034099614771,48.0
2025-12-15,SKU120,52,64.3509802307714,30.0
2025-12-15,SKU121,59,82.02749337689337,57.0
2025-12-15,SKU122,56,84.4670238095238,49.0
2025-12-15,SKU123,48,79.7642844056771,60.0
2025-12-15,SKU124,55,68.68466140595376,55.0
2025-12-15,SKU125,40,48.05060676628439,29.0
2025-12-15,SKU126,108,110.21999801587303,114.0
2025-12-15,SKU127,144,168.36824999999996,158.0
2025-12-15,SKU128,144,150.34637362637363,122.0
2025-12-15,SKU129,63,77.30020816067317,53.0
2025-12-15,SKU130,160,186.2747857142858,162.0
2025-12-15,SKU131,5,8.555041983310867,10.0
2025-12-15,SKU132,45,76.07228790984557,47.0
2025-12-15,SKU133,39,67.27387144147295,56.0
2025-12-15,SKU134,25,23.561541623978783,24.0
2025-12-15,SKU135,51,75.5104210986539,57.0
2025-12-15,SKU136,17,16.861432071196774,12.0
2025-12-15,SKU137,18,22.151880462974468,18.0
2025-12-15,SKU138,53,66.20349065404358,51.0
2025-12-15,SKU139,136,154.61059523809524,110.0
2025-12-15,SKU140,61,78.73510140190906,60.0
2025-12-15,SKU141,80,88.29979694832194,77.0
2025-12-15,SKU142,36,52.45314989084988,35.0
2025-12-15,SKU143,104,107.40932350982348,90.0
2025-12-15,SKU144,24,31.722365259923208,13.0
2025-12-15,SKU145,247,324.7713253968254,268.0
2025-12-15,SKU146,34,47.35830338678281,36.0
2025-12-15,SKU147,57,102.26148039411574,78.0
2025-12-15,SKU148,51,70.25019205485485,59.0
2025-12-15,SKU149,110,108.43980006105006,96.0
2025-12-15,SKU150,43,54.9340787418974,41.0
2025-12-22,SKU001,26,18.395322128984215,21.0
2025-12-22,SKU002,147,108.75208974358975,151.0
2025-12-22,SKU003,66,64.7672701817033,49.0
2025-12-22,SKU004,55,69.88850498614465,59.0
2025-12-22,SKU005,93,102.15483555726205,83.0
2025-12-22,SKU006,106,106.94712133699632,107.0
2025-12-22,SKU007,60,53.33441369480104,52.0
2025-12-22,SKU008,151,130.3312506105006,141.0
2025-12-22,SKU009,117,106.15956185807657,127.0
2025-12-22,SKU010,30,28.414830750820943,31.0
2025-12-22,SKU011,29,28.102256515543278,34.0
2025-12-22,SKU012,108,106.42874612887115,96.0
2025-12-22,SKU013,42,43.98829128850451,46.0
2025-12-22,SKU014,71,83.38590964192814,89.0
2025-12-22,SKU015,117,108.73510246371272,119.0
2025-12-22,SKU016,155,120.86397732822734,122.0
2025-12-22,SKU017,81,82.84097781385282,89.0
2025-12-22,SKU018,21,21.674904930799183,22.0
2025-12-22,SKU019,146,114.27484654887594,123.0
2025-12-22,SKU020,35,44.639692326192325,36.0
2025-12-22,SKU021,16,20.81392259717215,14.0
2025-12-22,SKU022,351,295.97847619047633,312.0
2025-12-22,SKU023,159,161.17054761904762,125.0
2025-12-22,SKU024,19,23.17415881674395,19.0
2025-12-22,SKU025,85,83.03193933939784,72.0
2025-12-22,SKU026,93,107.90043471071412,102.0
2025-12-22,SKU027,60,63.0186798164263,60.0
2025-12-22,SKU028,20,24.050104890018407,22.0
2025-12-22,SKU029,93,79.57604407928673,67.0
2025-12-22,SKU030,24,24.777252629160206,21.0
2025-12-22,SKU031,321,251.30632936507945,272.0
2025-12-22,SKU032,34,45.17011528815686,51.0
2025-12-22,SKU033,177,162.83720588235292,151.0
2025-12-22,SKU034,193,179.52581349206346,205.0
2025-12-22,SKU035,123,107.37747069597064,123.0
2025-12-22,SKU036,40,44.41346304676112,26.0
2025-12-22,SKU037,80,74.30302080471274,76.0
2025-12-22,SKU038,53,52.15158819306255,53.0
2025-12-22,SKU039,51,37.07114670732318,32.0
2025-12-22,SKU040,88,83.5057198879552,94.0
2025-12-22,SKU041,133,107.58152849927852,105.0
2025-12-22,SKU042,46,63.41162482273743,52.0
2025-12-22,SKU043,58,70.15717173361998,65.0
2025-12-22,SKU044,37,20.06206342668285,26.0
2025-12-22,SKU045,59,58.08400495645994,38.0
2025-12-22,SKU046,17,18.283724598679672,20.0
2025-12-22,SKU047,91,105.84347964535465,92.0
2025-12-22,SKU048,172,190.1981428571428,178.0
2025-12-22,SKU049,58,61.671126146914496,56.0
2025-12-22,SKU050,102,109.91669174942709,109.0
2025-12-22,SKU051,265,290.3527777777779,245.0
2025-12-22,SKU052,21,23.553403991268492,21.0
2025-12-22,SKU053,238,199.82782633053222,217.0
2025-12-22,SKU054,56,69.16570010670507,50.0
2025-12-22,SKU055,54,79.04105329687361,72.0
2025-12-22,SKU056,144,112.54838869790338,146.0
2025-12-22,SKU057,38,46.93935121832004,36.0
2025-12-22,SKU058,215,214.60411111111108,194.0
2025-12-22,SKU059,83,98.35292561132565,59.0
2025-12-22,SKU060,96,80.59731083468962,79.0
2025-12-22,SKU061,144,143.56851648351648,123.0
2025-12-22,SKU062,45,51.80728733946653,50.0
2025-12-22,SKU063,56,64.96963271162433,47.0
2025-12-22,SKU064,135,114.55721642246641,117.0
2025-12-22,SKU065,15,13.947742166513942,16.0
2025-12-22,SKU066,179,134.7260064102564,163.0
2025-12-22,SKU067,77,73.74423767226783,78.0
2025-12-22,SKU068,87,81.7899730295639,72.0
2025-12-22,SKU069,79,92.59675228937732,91.0
2025-12-22,SKU070,290,291.2586190476191,299.0
2025-12-22,SKU071,128,107.16509840159839,97.0
2025-12-22,SKU072,143,123.70151800976801,117.0
2025-12-22,SKU073,144,137.08469841269843,184.0
2025-12-22,SKU074,107,106.79497619047623,99.0
2025-12-22,SKU075,50,51.159148121015285,40.0
2025-12-22,SKU076,32,45.55141095238037,37.0
2025-12-22,SKU077,120,107.40425768349301,90.0
2025-12-22,SKU078,195,199.79571428571433,202.0
2025-12-22,SKU079,104,102.96757667006197,100.0
2025-12-22,SKU080,68,39.30691760852965,45.0
2025-12-22,SKU081,108,105.57020995670999,90.0
2025-12-22,SKU082,23,31.589159508247743,42.0
2025-12-22,SKU083,116,107.78275577853519,104.0
2025-12-22,SKU084,76,78.1157780291604,79.0
2025-12-22,SKU085,306,320.98886002886,311.0
2025-12-22,SKU086,111,110.11820817009787,113.0
2025-12-22,SKU087,48,40.698230822210704,31.0
2025-12-22,SKU088,26,24.625498802448128,24.0
2025-12-22,SKU089,76,66.3045987958688,54.0
2025-12-22,SKU090,112,105.8263996794144,83.0
2025-12-22,SKU091,81,58.699110345554,53.0
2025-12-22,SKU092,56,73.01821418587141,57.0
2025-12-22,SKU093,96,104.57561721611722,102.0
2025-12-22,SKU094,315,338.79347510822515,324.0
2025-12-22,SKU095,679,639.8916904761907,650.0
2025-12-22,SKU096,70,74.30629369719541,70.0
2025-12-22,SKU097,25,33.99000255409079,38.0
2025-12-22,SKU098,302,311.98470526695525,291.0
2025-12-22,SKU099,133,103.9920965113318,119.0
2025-12-22,SKU100,189,184.1746190476191,169.0
2025-12-22,SKU101,47,55.18090161992228,47.0
2025-12-22,SKU102,98,92.45143816543819,78.0
2025-12-22,SKU103,114,106.74901607053079,103.0
2025-12-22,SKU104,66,65.711423719307,54.0
2025-12-22,SKU105,57,62.761652471110786,61.0
2025-12-22,SKU106,96,92.06083250998252,68.0
2025-12-22,SKU107,39,34.52663136971961,31.0
2025-12-22,SKU108,26,37.46185938908776,25.0
2025-12-22,SKU109,58,50.87992798939254,44.0
2025-12-22,SKU110,44,42.046996461799864,40.0
2025-12-22,SKU111,256,303.64307431457445,249.0
2025-12-22,SKU112,31,38.092187333266914,36.0
2025-12-22,SKU113,65,65.18152274618369,40.0
2025-12-22,SKU114,279,276.33133333333336,268.0
2025-12-22,SKU115,33,42.3815941972488,43.0
2025-12-22,SKU116,213,177.53158333333332,199.0
2025-12-22,SKU117,42,48.12708959380121,43.0
2025-12-22,SKU118,40,42.415965722544406,28.0
2025-12-22,SKU119,59,66.36840699111559,66.0
2025-12-22,SKU120,77,67.83104074567801,71.0
2025-12-22,SKU121,74,82.42390470736319,71.0
2025-12-22,SKU122,96,83.41919582590616,87.0
2025-12-22,SKU123,88,72.7716462621342,66.0
2025-12-22,SKU124,55,66.84713088715407,54.0
2025-12-22,SKU125,39,46.13043667077104,33.0
2025-12-22,SKU126,120,135.05925793650798,150.0
2025-12-22,SKU127,168,182.6107738095238,169.0
2025-12-22,SKU128,186,147.169076007326,174.0
2025-12-22,SKU129,72,83.19012463924966,82.0
2025-12-22,SKU130,234,214.9148977591037,229.0
2025-12-22,SKU131,5,8.519447862003897,10.0
2025-12-22,SKU132,75,74.16324564985831,72.0
2025-12-22,SKU133,63,62.65849158198242,68.0
2025-12-22,SKU134,12,21.26282196264015,11.0
2025-12-22,SKU135,63,74.62970640494692,56.0
2025-12-22,SKU136,21,18.131482247167597,18.0
2025-12-22,SKU137,26,22.31383443088511,17.0
2025-12-22,SKU138,69,65.1343079951946,72.0
2025-12-22,SKU139,165,152.46857142857147,158.0
2025-12-22,SKU140,68,80.92267482119331,81.0
2025-12-22,SKU141,100,92.08369276556779,102.0
2025-12-22,SKU142,53,51.77499489506929,41.0
2025-12-22,SKU143,138,137.40654884004886,118.0
2025-12-22,SKU144,26,36.681503946217184,25.0
2025-12-22,SKU145,334,330.42249098124097,373.0
2025-12-22,SKU146,46,48.19941326652493,50.0
2025-12-22,SKU147,94,93.6568252505753,76.0
2025-12-22,SKU148,52,69.4150837912691,57.0
2025-12-22,SKU149,137,144.57540476190476,141.0
2025-12-22,SKU150,41,53.3021472202411,53.0
2025-12-29,SKU001,10,20.596064252705855,26.0
2025-12-29,SKU002,64,136.45571735209236,151.0
2025-12-29,SKU003,33,67.31713525968799,70.0
2025-12-29,SKU004,19,57.81258404049653,38.0
2025-12-29,SKU005,40,104.189371143355,92.0
2025-12-29,SKU006,50,106.62153916318864,97.0
2025-12-29,SKU007,29,59.83782297548644,63.0
2025-12-29,SKU008,57,143.28004045954046,132.0
2025-12-29,SKU009,51,99.29510096110133,104.0
2025-12-29,SKU010,10,33.8158982417365,25.0
2025-12-29,SKU011,16,36.56759950697452,36.0
2025-12-29,SKU012,31,109.99223117564411,117.0
2025-12-29,SKU013,16,43.171558118524054,53.0
2025-12-29,SKU014,30,82.22917629348657,77.0
2025-12-29,SKU015,49,113.8425198867426,112.0
2025-12-29,SKU016,63,133.872040531364,169.0
2025-12-29,SKU017,32,84.36957669383048,102.0
2025-12-29,SKU018,7,22.831186597247928,29.0
2025-12-29,SKU019,59,127.83526506476711,124.0
2025-12-29,SKU020,25,41.33114094456742,29.0
2025-12-29,SKU021,6,20.56364742615306,17.0
2025-12-29,SKU022,133,305.66379761904767,316.0
2025-12-29,SKU023,56,176.11515384615385,127.0
2025-12-29,SKU024,7,23.988979078366928,22.0
2025-12-29,SKU025,33,87.48517363071709,68.0
2025-12-29,SKU026,36,106.52998078371463,119.0
2025-12-29,SKU027,23,66.74084216805029,67.0
2025-12-29,SKU028,12,23.127104780819128,22.0
2025-12-29,SKU029,29,91.27166233766233,62.0
2025-12-29,SKU030,10,22.530732093949045,17.0
2025-12-29,SKU031,124,282.8975793650794,324.0
2025-12-29,SKU032,22,45.84147220308711,39.0
2025-12-29,SKU033,79,190.322009018759,162.0
2025-12-29,SKU034,83,183.11894444444445,186.0
2025-12-29,SKU035,50,134.9137061965812,117.0
2025-12-29,SKU036,16,42.82327492677363,28.0
2025-12-29,SKU037,25,89.44932324320558,63.0
2025-12-29,SKU038,16,57.37973495870918,49.0
2025-12-29,SKU039,21,40.646002986066236,50.0
2025-12-29,SKU040,37,86.30139477117795,105.0
2025-12-29,SKU041,58,121.2923682230468,119.0
2025-12-29,SKU042,16,63.475644298156105,58.0
2025-12-29,SKU043,26,68.51063061693802,62.0
2025-12-29,SKU044,11,28.003011821511826,34.0
2025-12-29,SKU045,19,62.61883677745423,43.0
2025-12-29,SKU046,6,18.774676198250553,13.0
2025-12-29,SKU047,37,102.74879005042834,96.0
2025-12-29,SKU048,74,212.8618412698412,177.0
2025-12-29,SKU049,22,64.15231260762154,68.0
2025-12-29,SKU050,42,99.87781560671428,100.0
2025-12-29,SKU051,121,284.45446031746036,257.0
2025-12-29,SKU052,14,23.57591257287757,23.0
2025-12-29,SKU053,73,213.3196428571429,224.0
2025-12-29,SKU054,24,70.88475637517612,61.0
2025-12-29,SKU055,22,74.27993401501313,65.0
2025-12-29,SKU056,62,123.71369069142804,156.0
2025-12-29,SKU057,18,44.52016674487256,34.0
2025-12-29,SKU058,101,206.10998412698416,191.0
2025-12-29,SKU059,33,106.29630891834255,69.0
2025-12-29,SKU060,36,88.26021897546897,71.0
2025-12-29,SKU061,43,143.58671445221447,131.0
2025-12-29,SKU062,17,55.11049678971724,42.0
2025-12-29,SKU063,16,66.37225600043008,43.0
2025-12-29,SKU064,53,120.35689880952378,122.0
2025-12-29,SKU065,7,13.442207124616393,17.0
2025-12-29,SKU066,51,158.4911082251082,146.0
2025-12-29,SKU067,27,72.55154180686581,65.0
2025-12-29,SKU068,36,88.88032317682315,76.0
2025-12-29,SKU069,24,96.60749290493541,97.0
2025-12-29,SKU070,110,286.2760714285715,279.0
2025-12-29,SKU071,38,126.08362481962487,94.0
2025-12-29,SKU072,50,130.75933928571425,101.0
2025-12-29,SKU073,67,136.57541637529135,159.0
2025-12-29,SKU074,42,104.30698343973377,100.0
2025-12-29,SKU075,22,49.30459733847049,36.0
2025-12-29,SKU076,12,44.02193156382089,47.0
2025-12-29,SKU077,36,108.19889223860935,110.0
2025-12-29,SKU078,93,197.16010317460322,206.0
2025-12-29,SKU079,37,100.85876112576346,95.0
2025-12-29,SKU080,16,54.81183340086125,62.0
2025-12-29,SKU081,37,113.33140219311868,126.0
2025-12-29,SKU082,13,34.13611125258185,31.0
2025-12-29,SKU083,52,111.84167993760502,84.0
2025-12-29,SKU084,24,76.88673998017234,66.0
2025-12-29,SKU085,117,309.9223571428572,342.0
2025-12-29,SKU086,55,115.14303865982657,98.0
2025-12-29,SKU087,16,46.77700318764483,46.0
2025-12-29,SKU088,15,31.753647982736226,36.0
2025-12-29,SKU089,31,67.19029855713391,52.0
2025-12-29,SKU090,41,100.7345971732225,86.0
2025-12-29,SKU091,17,68.46148745700334,56.0
2025-12-29,SKU092,22,70.77836513330021,60.0
2025-12-29,SKU093,45,100.35855865584777,109.0
2025-12-29,SKU094,121,337.59134523809524,304.0
2025-12-29,SKU095,282,652.8653571428572,638.0
2025-12-29,SKU096,29,75.12793800699502,74.0
2025-12-29,SKU097,11,29.03404469702307,21.0
2025-12-29,SKU098,128,320.1292132034632,294.0
2025-12-29,SKU099,34,109.261650542035,86.0
2025-12-29,SKU100,70,195.83903174603174,150.0
2025-12-29,SKU101,19,58.9989867396872,56.0
2025-12-29,SKU102,42,93.6287432207669,82.0
2025-12-29,SKU103,28,101.04164381752125,101.0
2025-12-29,SKU104,29,70.17345619730445,68.0
2025-12-29,SKU105,20,62.72659617074912,54.0
2025-12-29,SKU106,40,99.25104362774721,106.0
2025-12-29,SKU107,19,37.556402832118,35.0
2025-12-29,SKU108,11,38.79124238581051,31.0
2025-12-29,SKU109,19,51.32587994074318,48.0
2025-12-29,SKU110,19,41.22331891832785,40.0
2025-12-29,SKU111,105,289.7990425685427,218.0
2025-12-29,SKU112,8,38.49156490830625,34.0
2025-12-29,SKU113,24,63.49775356628951,42.0
2025-12-29,SKU114,113,279.68682936507946,248.0
2025-12-29,SKU115,17,43.582411283893855,40.0
2025-12-29,SKU116,68,170.654009018759,171.0
2025-12-29,SKU117,24,46.63067293386887,45.0
2025-12-29,SKU118,15,38.22630984748826,44.0
2025-12-29,SKU119,29,65.94257075790436,72.0
2025-12-29,SKU120,23,77.99463068810563,86.0
2025-12-29,SKU121,27,83.78567036216302,71.0
2025-12-29,SKU122,36,92.68250721500722,85.0
2025-12-29,SKU123,24,79.7778512010865,80.0
2025-12-29,SKU124,33,69.19827992520767,56.0
2025-12-29,SKU125,15,41.333138955517235,31.0
2025-12-29,SKU126,50,144.88367261904762,158.0
2025-12-29,SKU127,79,203.99642063492064,191.0
2025-12-29,SKU128,91,156.70087012987017,170.0
2025-12-29,SKU129,33,79.96962938613675,74.0
2025-12-29,SKU130,102,210.97584126984134,224.0
2025-12-29,SKU131,5,7.61654238982789,5.0
2025-12-29,SKU132,22,76.82830626854793,64.0
2025-12-29,SKU133,21,68.20683851667536,56.0
2025-12-29,SKU134,10,20.538303581207472,14.0
2025-12-29,SKU135,25,74.8002685674992,75.0
2025-12-29,SKU136,15,21.595553658260425,23.0
2025-12-29,SKU137,8,23.41203644048383,21.0
2025-12-29,SKU138,22,65.48081075303982,43.0
2025-12-29,SKU139,55,194.79956654456655,178.0
2025-12-29,SKU140,31,80.33300177316328,71.0
2025-12-29,SKU141,37,95.37399136804446,94.0
2025-12-29,SKU142,13,56.12427731276365,45.0
2025-12-29,SKU143,39,140.9158502747253,129.0
2025-12-29,SKU144,5,37.114162386088864,36.0
2025-12-29,SKU145,124,314.7993084415585,349.0
2025-12-29,SKU146,15,44.89457685763409,29.0
2025-12-29,SKU147,31,99.9245591630592,95.0
2025-12-29,SKU148,32,63.9843701685321,45.0
2025-12-29,SKU149,48,136.16741149921506,130.0
2025-12-29,SKU150,23,53.62833017312268,57.0
