sku_id,category,subcategory,launch_date,unit_cost,list_price,base_demand,demand_class
SKU001,Furniture,Shelf,2024-08-04,4335.41,9027.35,1.7432415150387186,Low
SKU002,Storage,Rack,2024-09-08,3994.5,5929.91,13.086860134579947,Medium
SKU003,Decor,Cushion,2024-09-14,4166.98,7565.51,5.16472061373245,Low
SKU004,bath,Organizer,2024-01-22,4189.87,8435.25,4.746444427343215,Medium
SKU005,Furniture,Shelf,2024-05-27,3958.4,6152.82,9.370239365201167,Medium
SKU006,Outdoor,Chair,2024-02-20,3510.33,7484.02,9.533661875277911,High
SKU007,Office,Chair,2024-01-26,1190.52,1769.61,4.3235949035196555,Medium
SKU008,Storage,Box,2024-08-09,2354.61,5237.39,10.517602419028496,Medium
SKU009,APPLIANCES,Toaster,2024-05-23,2121.15,3505.72,8.544921302074426,Medium
SKU010,Outdoor,Accessory,2024-03-06,334.6,728.18,2.8658033638592473,Medium
SKU011,Lighting,Light,2024-07-02,2973.08,4450.07,2.3149145468376013,Low
SKU012,Storage,Box,2024-06-04,2956.61,6366.32,10.816194647384329,Medium
SKU013,Furniture,Table,2024-09-19,444.84,804.52,3.5887903220513127,Low
SKU014,Kitchen,Utensil,2024-10-08,1399.52,1975.03,8.105774658275656,Medium
SKU015,Storage,Box,2024-02-11,3984.32,8158.01,9.943349188525627,Medium
SKU016,Bedding,Bedsheet,2024-02-25,406.75,587.57,10.14044732935132,Medium
SKU017,Appliances,Mixer,2024-10-24,1015.87,2114.16,6.930863683354543,Medium
SKU018,Bedding,Bedsheet,2024-04-09,3262.33,5643.52,1.7201444179310972,Low
SKU019,kitchen,Utensil,2024-04-30,3588.62,5846.45,10.550941352980647,High
SKU020,Office,Desk,2024-08-24,2412.0,3945.68,3.260209639509409,Low
SKU021,Decor,Wall Art,2024-08-20,1738.0,3403.32,1.5876030989428347,Low
SKU022,Lighting,Lamp,2024-09-07,3681.48,6640.28,20.929429516686266,Medium
SKU023,Furniture,Table,2024-07-26,2254.29,3141.79,12.715507478115452,Medium
SKU024,Furniture,Table,2024-02-17,785.99,1546.06,2.2252931001139027,Low
SKU025,Office,Chair,2024-05-27,3077.3,4228.04,6.873409436652012,High
SKU026,Kitchen,Storage,2024-09-15,688.83,1281.91,9.673267292178549,Medium
SKU027,Decor,Wall Art,2024-06-27,1554.79,2640.26,4.963628772547762,Medium
SKU028,Storage,Organizer,2024-01-08,4183.57,9584.43,2.0729818125188424,Low
SKU029,Kitchen,Cookware,2024-08-07,1621.8,3312.35,8.0420050703402,Medium
SKU030,BATH,Towel,2024-02-05,4605.26,7330.31,2.536451500735914,Low
SKU031,Bedding,Pillow,2024-04-12,4098.78,6898.23,17.08165008474098,High
SKU032,Outdoor,Chair,2024-06-18,1503.04,3506.36,3.0235261119408374,Low
SKU033,Lighting,Pendant,2024-11-15,4490.88,9592.69,12.313198710274479,High
SKU034,Office,Desk,2024-06-20,1784.87,3856.41,15.166478968955131,Medium
SKU035,Outdoor,Planter,2024-08-31,1533.56,3578.8,11.884869912048375,Low
SKU036,Appliances,Mixer,2024-10-01,1020.44,1569.67,3.5981517349733183,Medium
SKU037,Lighting,Lamp,2024-11-25,4867.58,9130.5,5.061113184111969,Low
SKU038,Appliances,Mixer,2024-03-16,919.56,1895.71,3.9373032631524616,Low
SKU039,Office,Organizer,2024-09-09,1238.95,2718.67,3.12003660295613,Medium
SKU040,BEDDING,Blanket,2024-02-13,881.64,2048.88,5.971585611252625,Medium
SKU041,Decor,Wall Art,2024-06-16,4791.43,7909.54,11.49921111050657,High
SKU042,Bath,Mat,2024-07-02,3279.68,4792.24,4.713880309857427,Low
SKU043,Furniture,Shelf,2024-02-24,4685.21,10282.06,5.033121866156203,Medium
SKU044,Bedding,Blanket,2024-01-06,812.98,1805.55,1.8299014824362054,Medium
SKU045,Kitchen,Storage,2024-09-09,4378.37,8683.46,4.178868408392857,Medium
SKU046,Bath,Towel,2024-08-03,4377.21,7995.38,1.7600431422932679,Low
SKU047,Office,Organizer,2024-10-04,794.81,1128.54,9.225866435940638,Medium
SKU048,Outdoor,Planter,2024-09-29,1758.57,2639.73,17.64380293637127,High
SKU049,Decor,Vase,2024-07-09,842.8,1156.49,4.7259728196079465,Low
SKU050,Decor,Cushion,2024-01-18,3078.38,6356.09,9.287242325746979,Medium
SKU051,Office,Chair,2024-08-30,4300.32,6001.74,25.31298513136081,Low
SKU052,Outdoor,Planter,2024-03-23,2984.79,5334.05,1.9720932507384592,Low
SKU053,Furniture,Shelf,2024-02-05,4646.76,6756.71,17.87065325997808,High
SKU054,Furniture,Chair,2024-11-19,4069.52,8824.56,6.110989631566216,Medium
SKU055,Appliances,Mixer,2024-09-29,2716.85,6114.14,6.334730858780012,Medium
SKU056,Bedding,Blanket,2024-07-30,1552.38,2323.54,9.144906562092274,Medium
SKU057,Bath,Towel,2024-04-21,2022.04,3425.07,3.7270460195854906,Medium
SKU058,Kitchen,Cookware,2024-04-07,4759.63,11005.05,15.88408600520706,Medium
SKU059,Storage,Box,2024-11-12,3367.16,7389.61,7.715681222089903,Medium
SKU060,Outdoor,Planter,2024-04-05,3754.0,5865.72,6.527844602547467,Medium
SKU061,Office,Chair,2024-07-28,3710.86,5338.88,12.733892027897028,High
SKU062,Furniture,Shelf,2024-11-12,4064.16,8020.08,4.691231938519238,Medium
SKU063,Office,Organizer,2024-01-30,3073.36,4455.76,4.835556548622797,Medium
SKU064,Lighting,Lamp,2024-07-05,2990.42,5500.23,7.743252528099042,Medium
SKU065,Office,Organizer,2024-06-19,3118.09,7258.28,1.453721237475286,Low
SKU066,Storage,Rack,2024-01-29,3391.96,6070.04,12.540286708724244,Medium
SKU067,Appliances,Kettle,2024-08-31,3883.9,6346.53,6.713405563962001,Medium
SKU068,Outdoor,Planter,2024-02-22,994.58,2320.29,6.812397610958029,Medium
SKU069,Decor,Cushion,2024-02-28,4699.86,10195.48,7.444138439844754,Medium
SKU070,Bedding,Pillow,2024-11-21,3673.47,8628.08,18.451349555837975,Low
SKU071,outdoor,Chair,2024-02-10,3064.81,6345.39,9.519772432836206,Low
SKU072,Decor,Cushion,2024-09-29,1688.19,3091.88,9.83319389011696,Medium
SKU073,Bedding,Blanket,2024-08-31,819.77,1964.9,9.787756256941842,High
SKU074,Appliances,Toaster,2024-10-03,800.17,1919.66,8.083758545009069,Medium
SKU075,Bath,Towel,2024-08-12,436.3,699.33,4.618488384583514,Low
SKU076,Outdoor,Accessory,2024-03-06,4580.0,9339.0,3.76504792585311,Low
SKU077,Decor,Vase,2024-09-27,4066.96,6509.09,8.558413025949534,High
SKU078,Bath,Organizer,2024-09-21,4660.64,10070.31,17.513919871425955,Medium
SKU079,Storage,Organizer,2024-05-30,887.14,1667.61,7.845046613537324,Medium
SKU080,Lighting,Lamp,2024-10-07,1029.5,2183.93,3.220227959724599,Low
SKU081,Furniture,Shelf,2024-06-21,3174.25,4466.89,10.059858585858594,Medium
SKU082,Office,Desk,2024-10-18,3635.02,5568.07,2.8723423430300388,Low
SKU083,Kitchen,Utensil,2024-07-14,3985.18,8043.0,9.3488113329561,Medium
SKU084,Storage,Organizer,2024-11-08,1716.31,3358.68,5.956795615799607,Medium
SKU085,Storage,Rack,2024-02-22,2689.26,4771.38,28.50379806644765,Medium
SKU086,Decor,Cushion,2024-02-14,1606.96,2683.53,9.17512247111419,Medium
SKU087,Storage,Box,2024-11-16,2221.28,3506.31,3.574053288092216,Medium
SKU088,Storage,Rack,2024-01-12,2266.48,4188.09,2.174510917249838,Low
SKU089,Kitchen,Storage,2024-07-13,3345.36,6807.99,5.926785462306116,Medium
SKU090,Appliances,Kettle,2024-06-30,2327.67,4672.36,8.54205689236233,Medium
SKU091,Outdoor,Accessory,2024-07-03,4628.97,8696.98,4.451924355442626,Medium
SKU092,Outdoor,Planter,2024-04-13,4235.7,7915.88,6.263839920261269,Low
SKU093,Outdoor,Accessory,2024-09-28,1618.87,2753.43,7.46532249351438,Low
SKU094,Furniture,Chair,2024-09-02,369.01,818.66,32.275134830657976,High
SKU095,Appliances,Mixer,2024-03-20,862.46,1494.79,64.1392449867145,High
SKU096,Bath,Mat,2024-09-11,1761.52,3649.95,6.090558676699634,Medium
SKU097,Office,Chair,2024-04-20,1282.57,2438.61,2.5979456959919967,Low
SKU098,Furniture,Table,2024-10-02,4948.93,9570.08,31.69143590032774,High
SKU099,Bath,Towel,2024-06-14,2145.09,3076.17,8.739462904106421,Medium
SKU100,Storage,Box,2024-06-03,1008.16,1552.54,17.846434365186955,High
SKU101,Bath,Towel,2024-03-04,2603.93,5118.72,4.4314739383629815,Medium
SKU102,Lighting,Lamp,2024-03-21,4264.87,8612.77,6.267042671780099,Medium
SKU103,Appliances,Toaster,2024-07-21,2023.06,3877.2,9.490342090816041,Medium
SKU104,Furniture,Chair,2024-06-08,3912.55,8782.17,6.0520430429236916,Medium
SKU105,Kitchen,Storage,2024-02-09,1900.78,3561.6,4.146571077800714,Medium
SKU106,Outdoor,Planter,2024-05-11,4611.49,9280.04,7.295684185505902,Low
SKU107,Kitchen,Cookware,2024-03-26,4659.06,8482.37,2.882670961011323,Medium
SKU108,Furniture,Table,2024-01-03,1606.7,3355.09,2.8701531323924425,Medium
SKU109,Outdoor,Chair,2024-10-17,3878.73,8915.24,3.4846723439073455,Medium
SKU110,Storage,Box,2024-09-15,4373.97,6428.9,3.4390677521341027,Medium
SKU111,Bath,Mat,2024-11-13,4858.13,11580.84,24.139373269985338,Medium
SKU112,Bath,Organizer,2024-09-04,1928.52,2854.33,3.085823952128246,Low
SKU113,Office,Chair,2024-10-15,2485.38,5907.28,5.076386670736117,Medium
SKU114,Office,Chair,2024-01-28,2910.67,6380.66,21.838814721734483,High
SKU115,Lighting,Lamp,2024-01-19,528.88,774.68,2.928740938903004,Medium
SKU116,Kitchen,Storage,2024-09-12,4367.65,9287.38,15.56236662632172,High
SKU117,Office,Desk,2024-02-03,4333.19,5870.28,4.939268003623875,Medium
SKU118,Bath,Mat,2024-01-10,2186.37,5007.7,3.756993610381934,Medium
SKU119,Storage,Rack,2024-06-21,4310.72,7172.57,6.038679821594943,Medium
SKU120,Kitchen,Cookware,2024-03-31,4466.82,6910.05,5.71499140426677,Low
SKU121,Storage,Rack,2024-05-20,4994.09,8296.08,6.737560465291289,Medium
SKU122,Outdoor,Planter,2024-07-08,4988.63,10405.91,8.222332738407163,Medium
SKU123,Storage,Rack,2024-03-13,931.52,1614.93,5.9529176318552315,Low
SKU124,Storage,Box,2024-01-06,2430.42,4900.38,5.986670366474301,Medium
SKU125,Outdoor,Accessory,2024-11-13,2842.03,4685.85,4.389049656487374,High
SKU126,Appliances,Kettle,2024-04-17,4572.6,8715.46,12.30675900182549,Medium
SKU127,Bath,Mat,2024-01-09,1434.45,2422.24,19.122286417690454,Low
SKU128,Lighting,Lamp,2024-07-04,4022.28,8740.48,11.09290129553278,Medium
SKU129,Office,Organizer,2024-07-13,4128.8,9486.67,5.4118064086385465,Medium
SKU130,Bath,Towel,2024-07-04,778.9,1585.5,16.312584422863733,High
SKU131,Office,Chair,2024-02-16,4810.94,7015.09,0.8993631216136093,Low
SKU132,Furniture,Table,2024-01-22,2439.05,4614.42,6.301014024567961,Medium
SKU133,Outdoor,Planter,2024-07-28,584.48,1217.53,5.842856609866961,Low
SKU134,Kitchen,Storage,2024-05-10,2258.07,3052.33,2.073757595321215,Low
SKU135,Decor,Vase,2024-02-06,2600.66,4420.47,5.881906544153179,Medium
SKU136,Bedding,Pillow,2024-10-04,1523.64,2572.84,1.536255329120863,Low
SKU137,Outdoor,Accessory,2024-04-20,1854.46,4315.15,1.9629818718262384,Low
SKU138,Lighting,Light,2024-08-22,1007.13,1409.72,4.869330344807135,Low
SKU139,Furniture,Chair,2024-11-03,447.03,655.42,14.17010563449726,Medium
SKU140,Decor,Vase,2024-07-06,3073.92,6891.44,7.442507684120484,Low
SKU141,Bedding,Pillow,2024-05-31,3932.81,8842.0,6.082878019651411,Medium
SKU142,Decor,Wall Art,2024-05-29,3136.09,7476.07,4.061073069092894,Medium
SKU143,Decor,Vase,2024-06-29,3123.45,4926.22,11.953322265614931,Medium
SKU144,Appliances,Toaster,2024-01-26,440.22,754.45,2.8310232705269036,Low
SKU145,Bath,Organizer,2024-10-05,3771.33,6347.19,31.998626932550696,High
SKU146,Appliances,Mixer,2024-02-11,975.48,2026.8,4.226667479789838,Low
SKU147,Decor,Cushion,2024-03-28,377.93,904.29,7.444232231332014,Medium
SKU148,Furniture,Table,2024-10-23,4437.79,8489.54,6.698048930297692,Medium
SKU149,Appliances,Mixer,2024-05-27,1685.35,3449.58,12.280856287375816,High
SKU150,Bedding,Bedsheet,2024-07-15,1387.02,3145.18,4.266187353058569,Medium
